isoformsUsedMore	isoformsUsedLess	condition_1	condition_2	switch_q_value
TCONS_00000559	TCONS_00000561	hESC	Fibroblasts	2.139e-84
TCONS_00004208	TCONS_00004210	hESC	Fibroblasts	1.582e-80
TCONS_00004209	TCONS_00004210	hESC	Fibroblasts	1.582e-80
TCONS_00004004	TCONS_00004005	hESC	Fibroblasts	1.056e-45
TCONS_00000494	TCONS_00000493	hESC	Fibroblasts	2.232e-44
TCONS_00003882	TCONS_00003880	hESC	Fibroblasts	3.211e-38
TCONS_00004328	TCONS_00004330	hESC	Fibroblasts	1.819e-32
TCONS_00004329	TCONS_00004330	hESC	Fibroblasts	1.819e-32
TCONS_00000234	TCONS_00000235	hESC	Fibroblasts	3.704e-32
TCONS_00000234	TCONS_00000240	hESC	Fibroblasts	3.704e-32
TCONS_00003942	TCONS_00003959	hESC	Fibroblasts	4.135e-27
TCONS_00000219	TCONS_00000220	hESC	Fibroblasts	2.306e-25
TCONS_00003866	TCONS_00003870	hESC	Fibroblasts	1.351e-23
TCONS_00000413	TCONS_00000417	hESC	Fibroblasts	1.901e-23
TCONS_00000413	TCONS_00000418	hESC	Fibroblasts	1.901e-23
TCONS_00000414	TCONS_00000417	hESC	Fibroblasts	1.901e-23
TCONS_00000414	TCONS_00000418	hESC	Fibroblasts	1.901e-23
TCONS_00003913	TCONS_00003914	hESC	Fibroblasts	8.277e-22
TCONS_00003919	TCONS_00003920	hESC	Fibroblasts	1.471e-10
TCONS_00000009	TCONS_00000008	hESC	Fibroblasts	1.242e-09
TCONS_00004241	TCONS_00004240	hESC	Fibroblasts	6.536e-09
TCONS_00000045	TCONS_00000047	hESC	Fibroblasts	7.138e-09
TCONS_00000045	TCONS_00000049	hESC	Fibroblasts	7.138e-09
TCONS_00000046	TCONS_00000047	hESC	Fibroblasts	7.138e-09
TCONS_00000046	TCONS_00000049	hESC	Fibroblasts	7.138e-09
TCONS_00004002	TCONS_00004003	hESC	Fibroblasts	4.028e-07
TCONS_00004266	TCONS_00004269	hESC	Fibroblasts	5.869e-07
TCONS_00004266	TCONS_00004271	hESC	Fibroblasts	5.869e-07
TCONS_00004267	TCONS_00004269	hESC	Fibroblasts	5.869e-07
TCONS_00004267	TCONS_00004271	hESC	Fibroblasts	5.869e-07
TCONS_00004439	TCONS_00004441	hESC	Fibroblasts	1.471e-06
TCONS_00000248	TCONS_00000245	hESC	Fibroblasts	2.221e-06
TCONS_00004042	TCONS_00004044	hESC	Fibroblasts	3.206e-06
TCONS_00004042	TCONS_00004046	hESC	Fibroblasts	3.206e-06
TCONS_00004051	TCONS_00004044	hESC	Fibroblasts	3.206e-06
TCONS_00004051	TCONS_00004046	hESC	Fibroblasts	3.206e-06
TCONS_00004033	TCONS_00004036	hESC	Fibroblasts	5.57e-06
TCONS_00004033	TCONS_00004037	hESC	Fibroblasts	5.57e-06
TCONS_00000312	TCONS_00000313	hESC	Fibroblasts	4.444e-05
TCONS_00003902	TCONS_00003903	hESC	Fibroblasts	5.382e-05
TCONS_00003902	TCONS_00003905	hESC	Fibroblasts	5.382e-05
TCONS_00003904	TCONS_00003905	hESC	Fibroblasts	5.382e-05
TCONS_00000020	TCONS_00000018	hESC	Fibroblasts	0.0002307
TCONS_00000174	TCONS_00000173	hESC	Fibroblasts	0.001035
TCONS_00004102	TCONS_00004103	hESC	Fibroblasts	0.001129
TCONS_00000068	TCONS_00000067	hESC	Fibroblasts	0.01057
