isoformsUsedMore	isoformsUsedLess	condition_1	condition_2
TCONS_00000559	TCONS_00000561	hESC	Fibroblasts
TCONS_00004208	TCONS_00004210	hESC	Fibroblasts
TCONS_00004209	TCONS_00004210	hESC	Fibroblasts
TCONS_00004004	TCONS_00004005	hESC	Fibroblasts
TCONS_00000494	TCONS_00000493	hESC	Fibroblasts
TCONS_00003882	TCONS_00003880	hESC	Fibroblasts
TCONS_00004328	TCONS_00004330	hESC	Fibroblasts
TCONS_00004329	TCONS_00004330	hESC	Fibroblasts
TCONS_00000234	TCONS_00000235	hESC	Fibroblasts
TCONS_00000234	TCONS_00000240	hESC	Fibroblasts
TCONS_00003942	TCONS_00003959	hESC	Fibroblasts
TCONS_00000219	TCONS_00000220	hESC	Fibroblasts
TCONS_00003866	TCONS_00003870	hESC	Fibroblasts
TCONS_00000413	TCONS_00000417	hESC	Fibroblasts
TCONS_00000413	TCONS_00000418	hESC	Fibroblasts
TCONS_00000414	TCONS_00000417	hESC	Fibroblasts
TCONS_00000414	TCONS_00000418	hESC	Fibroblasts
TCONS_00003913	TCONS_00003914	hESC	Fibroblasts
TCONS_00003919	TCONS_00003920	hESC	Fibroblasts
TCONS_00000009	TCONS_00000008	hESC	Fibroblasts
TCONS_00004241	TCONS_00004240	hESC	Fibroblasts
TCONS_00000045	TCONS_00000047	hESC	Fibroblasts
TCONS_00000045	TCONS_00000049	hESC	Fibroblasts
TCONS_00000046	TCONS_00000047	hESC	Fibroblasts
TCONS_00000046	TCONS_00000049	hESC	Fibroblasts
TCONS_00004002	TCONS_00004003	hESC	Fibroblasts
TCONS_00004266	TCONS_00004269	hESC	Fibroblasts
TCONS_00004266	TCONS_00004271	hESC	Fibroblasts
TCONS_00004267	TCONS_00004269	hESC	Fibroblasts
TCONS_00004267	TCONS_00004271	hESC	Fibroblasts
TCONS_00004439	TCONS_00004441	hESC	Fibroblasts
TCONS_00000248	TCONS_00000245	hESC	Fibroblasts
TCONS_00004042	TCONS_00004044	hESC	Fibroblasts
TCONS_00004042	TCONS_00004046	hESC	Fibroblasts
TCONS_00004051	TCONS_00004044	hESC	Fibroblasts
TCONS_00004051	TCONS_00004046	hESC	Fibroblasts
TCONS_00004033	TCONS_00004036	hESC	Fibroblasts
TCONS_00004033	TCONS_00004037	hESC	Fibroblasts
TCONS_00000312	TCONS_00000313	hESC	Fibroblasts
TCONS_00003902	TCONS_00003903	hESC	Fibroblasts
TCONS_00003902	TCONS_00003905	hESC	Fibroblasts
TCONS_00003904	TCONS_00003905	hESC	Fibroblasts
TCONS_00000020	TCONS_00000018	hESC	Fibroblasts
TCONS_00000174	TCONS_00000173	hESC	Fibroblasts
TCONS_00004102	TCONS_00004103	hESC	Fibroblasts
TCONS_00000068	TCONS_00000067	hESC	Fibroblasts
